method,raw_ari_mean,raw_nmi_mean,raw_acc_mean,merged_acc_mean,merged_macro_f1_mean
MEFISTO,0.5656884939206425,0.5315912576494742,0.8203957709757981,0.8461493961530544,0.8053925880953636
Popari,0.1798293921182964,0.16464475471666823,0.5406875003433727,0.5969138001804577,0.47212049024276925
STAMP,0.4070569811073461,0.3897124286971705,0.7290041159313758,0.7415597073925345,0.6826797535505236
SpatialPCA,0.23397274569224347,0.26281095302017,0.6066596318016121,0.640681136679509,0.5284412804465978
stGP,0.5880797692910451,0.5501211900572239,0.8298951148314639,0.8555877485932619,0.8174589430536563
