metric,ref_method,other_method,test,alternative,raw_p,holm_adj_p,stars,n_pairs,ref_mean,other_mean,mean_diff,ref_median,other_median,median_diff,n_ref_gt,n_ref_lt,n_ref_eq
raw_acc,stGP,STAMP,one-sided paired Wilcoxon signed-rank test,greater,0.01708984375,0.0341796875,*,12,0.68704523242025,0.6267397238659577,0.06030550855429215,0.6954191039956165,0.6620854885033125,0.035838821700283185,10,2,0
raw_acc,stGP,MEFISTO,one-sided paired Wilcoxon signed-rank test,greater,0.054931640625,0.054931640625,ns,12,0.68704523242025,0.6619679216285113,0.02507731079173861,0.6954191039956165,0.6666611703912297,0.01949672284489601,10,2,0
raw_acc,stGP,Popari,one-sided paired Wilcoxon signed-rank test,greater,0.001220703125,0.0048828125,**,12,0.68704523242025,0.5020500098618659,0.18499522255838405,0.6954191039956165,0.47699675961692733,0.16525592317433954,11,1,0
raw_acc,stGP,SpatialPCA,one-sided paired Wilcoxon signed-rank test,greater,0.001220703125,0.0048828125,**,12,0.68704523242025,0.5434341723789277,0.14361106004132226,0.6954191039956165,0.5286310686580633,0.16413794535157272,11,1,0
