metric,ref_method,other_method,test,alternative,raw_p,holm_adj_p,stars,n_pairs,ref_mean,other_mean,mean_diff,ref_median,other_median,median_diff,n_ref_gt,n_ref_lt,n_ref_eq
raw_ari,stGP,STAMP,one-sided paired Wilcoxon signed-rank test,greater,0.021240234375,0.021240234375,*,12,0.3226452508168578,0.2511357790995856,0.07150947171727222,0.32431521042994116,0.26114291980085014,0.032445120261864496,10,2,0
raw_ari,stGP,MEFISTO,one-sided paired Wilcoxon signed-rank test,greater,0.006103515625,0.01220703125,*,12,0.3226452508168578,0.2728897519404455,0.04975549887641232,0.32431521042994116,0.2736497325534578,0.037169129644828186,10,2,0
raw_ari,stGP,Popari,one-sided paired Wilcoxon signed-rank test,greater,0.00048828125,0.001953125,**,12,0.3226452508168578,0.1078900846634351,0.21475516615342272,0.32431521042994116,0.03128895403989475,0.17423467401222625,11,1,0
raw_ari,stGP,SpatialPCA,one-sided paired Wilcoxon signed-rank test,greater,0.00341796875,0.01025390625,*,12,0.3226452508168578,0.1488978029958046,0.17374744782105325,0.32431521042994116,0.11875714731685844,0.2137819639118496,9,3,0
