metric,ref_method,other_method,test,alternative,raw_p,holm_adj_p,stars,n_pairs,ref_mean,other_mean,mean_diff,ref_median,other_median,median_diff,n_ref_gt,n_ref_lt,n_ref_eq
merged_macro_f1,stGP,STAMP,one-sided paired Wilcoxon signed-rank test,greater,0.02099609375,0.0419921875,*,12,0.6504204355056901,0.5883029678145343,0.06211746769115581,0.6929718254149106,0.6321070122542773,0.03773873478389672,9,2,1
merged_macro_f1,stGP,MEFISTO,one-sided paired Wilcoxon signed-rank test,greater,0.02099609375,0.0419921875,*,12,0.6504204355056901,0.6216141744759662,0.028806261029723872,0.6929718254149106,0.6517617836773728,0.0235877253066753,10,1,1
merged_macro_f1,stGP,Popari,one-sided paired Wilcoxon signed-rank test,greater,0.00048828125,0.001953125,**,12,0.6504204355056901,0.4181637818216471,0.23225665368404302,0.6929718254149106,0.3439313934244501,0.23767774583892187,11,0,1
merged_macro_f1,stGP,SpatialPCA,one-sided paired Wilcoxon signed-rank test,greater,0.00244140625,0.00732421875,**,12,0.6504204355056901,0.4595574096898327,0.19086302581585743,0.6929718254149106,0.4308672813356771,0.23088004887182176,9,2,1
