metric,ref_method,other_method,test,alternative,raw_p,holm_adj_p,stars,n_pairs,ref_mean,other_mean,mean_diff,ref_median,other_median,median_diff,n_ref_gt,n_ref_lt,n_ref_eq
merged_acc,stGP,STAMP,one-sided paired Wilcoxon signed-rank test,greater,0.0068359375,0.0068359375,**,12,0.7374885555218408,0.6814966113782431,0.05599194414359746,0.7103286170075223,0.6752750038236335,0.0260738846684051,10,1,1
merged_acc,stGP,MEFISTO,one-sided paired Wilcoxon signed-rank test,greater,0.00146484375,0.00439453125,**,12,0.7374885555218408,0.7089511356292887,0.02853741989255189,0.7103286170075223,0.6974905847432631,0.01949672284489601,10,1,1
merged_acc,stGP,Popari,one-sided paired Wilcoxon signed-rank test,greater,0.00048828125,0.001953125,**,12,0.7374885555218408,0.578330849999329,0.15915770552251166,0.7103286170075223,0.5307644609246033,0.13204665046302055,11,0,1
merged_acc,stGP,SpatialPCA,one-sided paired Wilcoxon signed-rank test,greater,0.00244140625,0.0048828125,**,12,0.7374885555218408,0.609567003867243,0.12792155165459762,0.7103286170075223,0.5622526833750614,0.16047797601004793,9,2,1
