metric,ref_method,other_method,test,alternative,raw_p,holm_adj_p,stars,n_pairs,ref_mean,other_mean,mean_diff,ref_median,other_median,median_diff,n_ref_gt,n_ref_lt,n_ref_eq
raw_nmi,stGP,STAMP,one-sided paired Wilcoxon signed-rank test,greater,0.001220703125,0.0048828125,**,12,0.3117584339450486,0.2257011319636548,0.08605730198139384,0.32280040804823806,0.22034857640268396,0.06664514452164726,11,1,0
raw_nmi,stGP,MEFISTO,one-sided paired Wilcoxon signed-rank test,greater,0.001220703125,0.0048828125,**,12,0.3117584339450486,0.27683468620765284,0.03492374773739577,0.32280040804823806,0.2791437381487218,0.02245126662922825,11,1,0
raw_nmi,stGP,Popari,one-sided paired Wilcoxon signed-rank test,greater,0.00244140625,0.0048828125,**,12,0.3117584339450486,0.109064573587354,0.20269386035769463,0.32280040804823806,0.04723623019448184,0.20818451963091808,10,2,0
raw_nmi,stGP,SpatialPCA,one-sided paired Wilcoxon signed-rank test,greater,0.004638671875,0.0048828125,**,12,0.3117584339450486,0.16946553317682198,0.14229290076822662,0.32280040804823806,0.14576831582255712,0.1603033532423983,9,3,0
