method,raw_ari_mean,raw_nmi_mean,raw_acc_mean,merged_acc_mean,merged_macro_f1_mean
MEFISTO,0.2728897519404455,0.27683468620765284,0.6619679216285113,0.7089511356292889,0.6216141744759662
Popari,0.10789008466343512,0.109064573587354,0.5020500098618659,0.578330849999329,0.4181637818216471
STAMP,0.2511357790995856,0.22570113196365474,0.6267397238659577,0.6814966113782432,0.5883029678145343
SpatialPCA,0.14889780299580457,0.16946553317682198,0.5434341723789277,0.609567003867243,0.45955740968983266
stGP,0.3226452508168578,0.3117584339450486,0.68704523242025,0.7374885555218408,0.6504204355056901
