metric,ref_method,other_method,test,alternative,raw_p,holm_adj_p,stars,n_pairs,ref_mean,other_mean,mean_diff,ref_median,other_median,median_diff,n_ref_gt,n_ref_lt,n_ref_eq
raw_acc,stGP,STAMP,one-sided paired Wilcoxon signed-rank test,greater,0.009765625,0.01953125,*,9,0.8298951148314639,0.7290041159313758,0.10089099890008811,0.8695482866043613,0.7484423676012462,0.07026194144838205,8,1,0
raw_acc,stGP,MEFISTO,one-sided paired Wilcoxon signed-rank test,greater,0.212890625,0.212890625,ns,9,0.8298951148314639,0.820395770975798,0.00949934385566589,0.8695482866043613,0.8659452296819788,-0.0030918727915194566,4,5,0
raw_acc,stGP,Popari,one-sided paired Wilcoxon signed-rank test,greater,0.001953125,0.0078125,**,9,0.8298951148314639,0.5406875003433727,0.28920761448809124,0.8695482866043613,0.4580382056235244,0.40064210882054746,9,0,0
raw_acc,stGP,SpatialPCA,one-sided paired Wilcoxon signed-rank test,greater,0.005859375,0.017578125,*,9,0.8298951148314639,0.6066596318016121,0.22323548302985186,0.8695482866043613,0.5424454828660437,0.27362204724409445,8,1,0
