metric,ref_method,other_method,test,alternative,raw_p,holm_adj_p,stars,n_pairs,ref_mean,other_mean,mean_diff,ref_median,other_median,median_diff,n_ref_gt,n_ref_lt,n_ref_eq
raw_ari,stGP,STAMP,one-sided paired Wilcoxon signed-rank test,greater,0.001953125,0.0078125,**,9,0.5880797692910451,0.4070569811073461,0.18102278818369902,0.6529626299028686,0.4174898000538612,0.15186893605395912,9,0,0
raw_ari,stGP,MEFISTO,one-sided paired Wilcoxon signed-rank test,greater,0.1015625,0.1015625,ns,9,0.5880797692910451,0.5656884939206425,0.02239127537040268,0.6529626299028686,0.6420513820322682,0.010911247870600382,5,4,0
raw_ari,stGP,Popari,one-sided paired Wilcoxon signed-rank test,greater,0.001953125,0.0078125,**,9,0.5880797692910451,0.1798293921182964,0.40825037717274876,0.6529626299028686,0.061380292972230924,0.561497739895189,9,0,0
raw_ari,stGP,SpatialPCA,one-sided paired Wilcoxon signed-rank test,greater,0.001953125,0.0078125,**,9,0.5880797692910451,0.23397274569224347,0.3541070235988017,0.6529626299028686,0.15022765600721436,0.438589358100225,9,0,0
