metric,ref_method,other_method,test,alternative,raw_p,holm_adj_p,stars,n_pairs,ref_mean,other_mean,mean_diff,ref_median,other_median,median_diff,n_ref_gt,n_ref_lt,n_ref_eq
merged_acc,stGP,STAMP,one-sided paired Wilcoxon signed-rank test,greater,0.001953125,0.0078125,**,9,0.855587748593262,0.7415597073925344,0.11402804120072751,0.8695482866043613,0.7484423676012462,0.08508302456429262,9,0,0
merged_acc,stGP,MEFISTO,one-sided paired Wilcoxon signed-rank test,greater,0.212890625,0.212890625,ns,9,0.855587748593262,0.8461493961530544,0.00943835244020762,0.8695482866043613,0.8659452296819788,-0.0030918727915194566,4,5,0
merged_acc,stGP,Popari,one-sided paired Wilcoxon signed-rank test,greater,0.001953125,0.0078125,**,9,0.855587748593262,0.5969138001804577,0.25867394841280433,0.8695482866043613,0.4815816154106117,0.3097112860892388,9,0,0
merged_acc,stGP,SpatialPCA,one-sided paired Wilcoxon signed-rank test,greater,0.001953125,0.0078125,**,9,0.855587748593262,0.640681136679509,0.2149066119137529,0.8695482866043613,0.6780568135034993,0.20605280103026402,9,0,0
