metric,ref_method,other_method,test,alternative,raw_p,holm_adj_p,stars,n_pairs,ref_mean,other_mean,mean_diff,ref_median,other_median,median_diff,n_ref_gt,n_ref_lt,n_ref_eq
merged_macro_f1,stGP,STAMP,one-sided paired Wilcoxon signed-rank test,greater,0.001953125,0.0078125,**,9,0.8174589430536563,0.6826797535505236,0.13477918950313272,0.8444972625214979,0.7306408178350524,0.07606921232750519,9,0,0
merged_macro_f1,stGP,MEFISTO,one-sided paired Wilcoxon signed-rank test,greater,0.08203125,0.08203125,ns,9,0.8174589430536563,0.8053925880953636,0.01206635495829262,0.8444972625214979,0.8181534458222969,0.017808847525838,5,4,0
merged_macro_f1,stGP,Popari,one-sided paired Wilcoxon signed-rank test,greater,0.001953125,0.0078125,**,9,0.8174589430536563,0.47212049024276914,0.345338452810887,0.8444972625214979,0.4146885708701375,0.4123009656385948,9,0,0
merged_macro_f1,stGP,SpatialPCA,one-sided paired Wilcoxon signed-rank test,greater,0.001953125,0.0078125,**,9,0.8174589430536563,0.5284412804465978,0.2890176626070585,0.8444972625214979,0.5066064509655744,0.27839019385026204,9,0,0
