metric,ref_method,other_method,test,alternative,raw_p,holm_adj_p,stars,n_pairs,ref_mean,other_mean,mean_diff,ref_median,other_median,median_diff,n_ref_gt,n_ref_lt,n_ref_eq
raw_nmi,stGP,STAMP,one-sided paired Wilcoxon signed-rank test,greater,0.001953125,0.0078125,**,9,0.5501211900572238,0.3897124286971705,0.16040876136005344,0.562505237844484,0.42221979245241953,0.15818781258819778,9,0,0
raw_nmi,stGP,MEFISTO,one-sided paired Wilcoxon signed-rank test,greater,0.037109375,0.037109375,*,9,0.5501211900572238,0.5315912576494741,0.018529932407749743,0.562505237844484,0.5431024597508479,0.018277619944145895,6,3,0
raw_nmi,stGP,Popari,one-sided paired Wilcoxon signed-rank test,greater,0.001953125,0.0078125,**,9,0.5501211900572238,0.16464475471666823,0.3854764353405557,0.562505237844484,0.06631052338185921,0.504360786381014,9,0,0
raw_nmi,stGP,SpatialPCA,one-sided paired Wilcoxon signed-rank test,greater,0.001953125,0.0078125,**,9,0.5501211900572238,0.26281095302017,0.28731023703705394,0.562505237844484,0.18972275750780815,0.3539864562942474,9,0,0
